{"cameraMode":{"drawMode":0,"name":"Shaded","section":"Shading Mode"},"sceneLighting":false,"audioPlay":false,"sceneViewState":{"showFog":true,"showMaterialUpdate":false,"showSkybox":false,"showFlares":true,"showImageEffects":true,"showParticleSystems":true},"in2DMode":false,"pivot":{"x":3.8092970848083498,"y":1.8494638204574586,"z":26.728628158569337},"rotation":{"x":0.3369162380695343,"y":0.09225694090127945,"z":-0.032949838787317279,"w":0.9365426898002625},"size":2.392618417739868,"orthographic":false}