{"cameraMode":{"drawMode":0,"name":"Shaded","section":"Shading Mode"},"sceneLighting":false,"audioPlay":false,"sceneViewState":{"showFog":true,"showMaterialUpdate":false,"showSkybox":false,"showFlares":true,"showImageEffects":true,"showParticleSystems":true},"in2DMode":false,"pivot":{"x":-0.0024290084838867189,"y":0.6772677898406982,"z":5.652969837188721},"rotation":{"x":0.1949925422668457,"y":-0.5023480653762817,"z":0.11781728267669678,"w":0.8342821002006531},"size":1.2990410327911378,"orthographic":false}