{"cameraMode":{"drawMode":0,"name":"Shaded","section":"Shading Mode"},"sceneLighting":false,"audioPlay":false,"sceneViewState":{"showFog":true,"showMaterialUpdate":false,"showSkybox":false,"showFlares":true,"showImageEffects":true,"showParticleSystems":true},"in2DMode":false,"pivot":{"x":-30.75925636291504,"y":-7.215887069702148,"z":16.458471298217775},"rotation":{"x":0.11224672943353653,"y":-0.6374272704124451,"z":0.09458361566066742,"w":0.7564702033996582},"size":19.91255760192871,"orthographic":false}