{"cameraMode":{"drawMode":0,"name":"Shaded","section":"Shading Mode"},"sceneLighting":false,"audioPlay":false,"sceneViewState":{"showFog":true,"showMaterialUpdate":false,"showSkybox":false,"showFlares":true,"showImageEffects":true,"showParticleSystems":true},"in2DMode":false,"pivot":{"x":-0.0031837671995162966,"y":0.6264599561691284,"z":3.3998641967773439},"rotation":{"x":0.1949925422668457,"y":-0.5023480653762817,"z":0.11781728267669678,"w":0.8342821002006531},"size":0.6501413583755493,"orthographic":false}