{"cameraMode":{"drawMode":0,"name":"Shaded","section":"Shading Mode"},"sceneLighting":false,"audioPlay":false,"sceneViewState":{"showFog":true,"showMaterialUpdate":false,"showSkybox":false,"showFlares":true,"showImageEffects":true,"showParticleSystems":true},"in2DMode":false,"pivot":{"x":0.0,"y":0.3442978262901306,"z":69.79000091552735},"rotation":{"x":0.21121607720851899,"y":0.175858274102211,"z":-0.038258496671915057,"w":0.9608650803565979},"size":1.5387029647827149,"orthographic":false}