{"cameraMode":{"drawMode":0,"name":"Shaded","section":"Shading Mode"},"sceneLighting":true,"audioPlay":false,"sceneViewState":{"showFog":true,"showMaterialUpdate":false,"showSkybox":true,"showFlares":true,"showImageEffects":true,"showParticleSystems":true},"in2DMode":false,"pivot":{"x":546.3405151367188,"y":1846.436767578125,"z":1.58953857421875},"rotation":{"x":-0.04374684765934944,"y":0.04159969463944435,"z":-0.0021840655244886877,"w":-0.9983198642730713},"size":360.60955810546877,"orthographic":false}